{"cameraMode":{"drawMode":0,"name":"Shaded","section":"Shading Mode"},"sceneLighting":false,"audioPlay":false,"sceneViewState":{"m_AlwaysRefresh":false,"showFog":true,"showSkybox":true,"showFlares":true,"showImageEffects":true,"showParticleSystems":true,"showVisualEffectGraphs":true,"m_FxEnabled":true},"in2DMode":false,"pivot":{"x":1.4171438217163087,"y":0.08309507369995117,"z":-1.0297493934631348},"rotation":{"x":-0.09657170623540878,"y":0.8697188496589661,"z":-0.18838536739349366,"w":-0.4458426237106323},"size":2.70739483833313,"orthographic":false}